{"n":[0,0,1,0,0,1,0,0,1,0,0,1,0,0,1,0,0,1,0,0,-1,0,0,-1,0,0,-1,0,0,-1,0,0,-1,0,0,-1,0,-1,0,0,-1,0,0,-1,0,0,-1,0,0,-1,0,0,-1,0,-1,0,0,-1,0,0,-1,0,0,-1,0,0,-1,0,0,-1,0,0,0,1,0,0,1,0,0,1,0,0,1,0,0,1,0,0,1,0,1,0,0,1,0,0,1,0,0,1,0,0,1,0,0,1,0,0],"p":[6100,4700,20.000001907348633,1.862645149230957e-9,4700,20.000001907348633,6100,9.99999883788405e-7,20.000001907348633,6100,9.99999883788405e-7,20.000001907348633,1.862645149230957e-9,4700,20.000001907348633,1.862645149230957e-9,9.99999883788405e-7,20.000001907348633,6100,9.99999883788405e-7,9.999999974752427e-7,1.862645149230957e-9,9.99999883788405e-7,9.999999974752427e-7,6100,4700,9.999999974752427e-7,6100,4700,9.999999974752427e-7,1.862645149230957e-9,9.99999883788405e-7,9.999999974752427e-7,1.862645149230957e-9,4700,9.999999974752427e-7,1.862645149230957e-9,9.99999883788405e-7,20.000001907348633,1.862645149230957e-9,9.99999883788405e-7,9.999999974752427e-7,6100,9.99999883788405e-7,20.000001907348633,6100,9.99999883788405e-7,20.000001907348633,1.862645149230957e-9,9.99999883788405e-7,9.999999974752427e-7,6100,9.99999883788405e-7,9.999999974752427e-7,1.862645149230957e-9,4700,20.000001907348633,1.862645149230957e-9,4700,9.999999974752427e-7,1.862645149230957e-9,9.99999883788405e-7,20.000001907348633,1.862645149230957e-9,9.99999883788405e-7,20.000001907348633,1.862645149230957e-9,4700,9.999999974752427e-7,1.862645149230957e-9,9.99999883788405e-7,9.999999974752427e-7,6100,4700,20.000001907348633,6100,4700,9.999999974752427e-7,1.862645149230957e-9,4700,20.000001907348633,1.862645149230957e-9,4700,20.000001907348633,6100,4700,9.999999974752427e-7,1.862645149230957e-9,4700,9.999999974752427e-7,6100,9.99999883788405e-7,20.000001907348633,6100,9.99999883788405e-7,9.999999974752427e-7,6100,4700,20.000001907348633,6100,4700,20.000001907348633,6100,9.99999883788405e-7,9.999999974752427e-7,6100,4700,9.999999974752427e-7]}