{"n":[0,0,1,0,0,1,0,0,1,0,0,1,0,0,1,0,0,1,0,0,-1,0,0,-1,0,0,-1,0,0,-1,0,0,-1,0,0,-1,-1,0,0,-1,0,0,-1,0,0,-1,0,0,-1,0,0,-1,0,0,0,1,0,0,1,0,0,1,0,0,1,0,0,1,0,0,1,0,1,0,0,1,0,0,1,0,0,1,0,0,1,0,0,1,0,0,0,-1,0,0,-1,0,0,-1,0,0,-1,0,0,-1,0,0,-1,0,0,0,1,0,0,1,0,0,1,0,0,1,0,0,1,0,0,1,0,0,-1,0,0,-1,0,0,-1,0,0,-1,0,0,-1,0,0,-1,-1,0,0,-1,0,0,-1,0,0,-1,0,0,-1,0,0,-1,0,0,0,1,0,0,1,0,0,1,0,0,1,0,0,1,0,0,1,0,1,0,0,1,0,0,1,0,0,1,0,0,1,0,0,1,0,0,0,-1,0,0,-1,0,0,-1,0,0,-1,0,0,-1,0,0,-1,0,0,0,1,0,0,1,0,0,1,0,0,1,0,0,1,0,0,1,0,0,-1,0,0,-1,0,0,-1,0,0,-1,0,0,-1,0,0,-1,-1,0,0,-1,0,0,-1,0,0,-1,0,0,-1,0,0,-1,0,0,0,1,0,0,1,0,0,1,0,0,1,0,0,1,0,0,1,0,1,0,0,1,0,0,1,0,0,1,0,0,1,0,0,1,0,0,0,-1,0,0,-1,0,0,-1,0,0,-1,0,0,-1,0,0,-1,0,0,0,1,0,0,1,0,0,1,0,0,1,0,0,1,0,0,1,0,0,-1,0,0,-1,0,0,-1,0,0,-1,0,0,-1,0,0,-1,-1,0,0,-1,0,0,-1,0,0,-1,0,0,-1,0,0,-1,0,0,0,1,0,0,1,0,0,1,0,0,1,0,0,1,0,0,1,0,1,0,0,1,0,0,1,0,0,1,0,0,1,0,0,1,0,0,0,-1,0,0,-1,0,0,-1,0,0,-1,0,0,-1,0,0,-1,0],"p":[435,29.675140380859375,2250,435,529.6751098632812,2250,35,29.675140380859375,2250,35,29.675140380859375,2250,435,529.6751098632812,2250,35,529.6751098632812,2250,35,29.675140380859375,50,35,529.6751098632812,50,435,29.675140380859375,50,435,29.675140380859375,50,35,529.6751098632812,50,435,529.6751098632812,50,35,529.6751098632812,2250,35,529.6751098632812,50,35,29.675140380859375,2250,35,29.675140380859375,2250,35,529.6751098632812,50,35,29.675140380859375,50,435,529.6751098632812,2250,435,529.6751098632812,50,35,529.6751098632812,2250,35,529.6751098632812,2250,435,529.6751098632812,50,35,529.6751098632812,50,435,29.675140380859375,2250,435,29.675140380859375,50,435,529.6751098632812,2250,435,529.6751098632812,2250,435,29.675140380859375,50,435,529.6751098632812,50,35,29.675140380859375,2250,35,29.675140380859375,50,435,29.675140380859375,2250,435,29.675140380859375,2250,35,29.675140380859375,50,435,29.675140380859375,50,6035,4175,2250,6035,4675,2250,5635,4175,2250,5635,4175,2250,6035,4675,2250,5635,4675,2250,5635,4175,50,5635,4675,50,6035,4175,50,6035,4175,50,5635,4675,50,6035,4675,50,5635,4675,2250,5635,4675,50,5635,4175,2250,5635,4175,2250,5635,4675,50,5635,4175,50,6035,4675,2250,6035,4675,50,5635,4675,2250,5635,4675,2250,6035,4675,50,5635,4675,50,6035,4175,2250,6035,4175,50,6035,4675,2250,6035,4675,2250,6035,4175,50,6035,4675,50,5635,4175,2250,5635,4175,50,6035,4175,2250,6035,4175,2250,5635,4175,50,6035,4175,50,6035,29.675140380859375,2250,6035,529.6751098632812,2250,5635,29.675140380859375,2250,5635,29.675140380859375,2250,6035,529.6751098632812,2250,5635,529.6751098632812,2250,5635,29.675140380859375,50,5635,529.6751098632812,50,6035,29.675140380859375,50,6035,29.675140380859375,50,5635,529.6751098632812,50,6035,529.6751098632812,50,5635,529.6751098632812,2250,5635,529.6751098632812,50,5635,29.675140380859375,2250,5635,29.675140380859375,2250,5635,529.6751098632812,50,5635,29.675140380859375,50,6035,529.6751098632812,2250,6035,529.6751098632812,50,5635,529.6751098632812,2250,5635,529.6751098632812,2250,6035,529.6751098632812,50,5635,529.6751098632812,50,6035,29.675140380859375,2250,6035,29.675140380859375,50,6035,529.6751098632812,2250,6035,529.6751098632812,2250,6035,29.675140380859375,50,6035,529.6751098632812,50,5635,29.675140380859375,2250,5635,29.675140380859375,50,6035,29.675140380859375,2250,6035,29.675140380859375,2250,5635,29.675140380859375,50,6035,29.675140380859375,50,435,4175,2250,435,4675,2250,35,4175,2250,35,4175,2250,435,4675,2250,35,4675,2250,35,4175,50,35,4675,50,435,4175,50,435,4175,50,35,4675,50,435,4675,50,35,4675,2250,35,4675,50,35,4175,2250,35,4175,2250,35,4675,50,35,4175,50,435,4675,2250,435,4675,50,35,4675,2250,35,4675,2250,435,4675,50,35,4675,50,435,4175,2250,435,4175,50,435,4675,2250,435,4675,2250,435,4175,50,435,4675,50,35,4175,2250,35,4175,50,435,4175,2250,435,4175,2250,35,4175,50,435,4175,50]}